codigo_centro_custo,nome,area_responsavel,responsavel
CC-100,Diretoria Executiva,Estratégico,Camila Duarte
CC-200,Recursos Humanos,RH,Fernanda Lopes
CC-300,Financeiro e Contábil,Financeiro,Marcelo Andrade
CC-400,Atendimento e Recepção,Operacional,Juliana Ramos
CC-410,Enfermagem e Procedimentos,Operacional,Juliana Ramos
CC-500,Jurídico e Compliance,Legal e Compliance,Rodrigo Nascimento
CC-600,Qualidade e Biossegurança,Qualidade,Patrícia Menezes
CC-700,Comunicação Interna,Comunicação Interna,Bruno Teixeira
CC-800,Manutenção e Facilities,Operacional,Juliana Ramos
